Organization,Street Address,City,State,Zip,$,Phys/Box
(23) HAWAII MAOLI,PO BOX 3866,HONOLULU,HI,96812,"7,240",B
(108) PAI FOUNDATION,PO BOX 17483,HONOLULU,HI,96817,"9,000",B
(3) AINA MOMONA,PO BOX 376,HOOLEHUA,HI,96729,"20,000",B
(14) CARING FOR HAWAII NEONATES,PO BOX 37182,HONOLULU,HI,96837,"20,000",B
(107) ASSOCIATION OF HAWAIIAN CIVIC CLUBS,PO BOX 1135,HONOLULU,HI,96807,"20,000",B
(61) LANAI CULTURE & HERITAGE CENTER,PO BOX 631500,LANAI CITY,HI,96763,"25,000",B
(90) SURFRIDER FOUNDATION,PO BOX 73550,SAN CLEMENTE,CA,92673,"25,000",B
(73) MOLOKAI COMMUNITY SERVICE COUNCIL,PO BOX 2047,KAUNAKAKAI,HI,96748,"30,000",B
(55) KOIHONUA,PO BOX 1229,PEARL CITY,HI,96782,"41,500",B
(95) ULUHAO O HUALALAI,PO BOX 130,HOLUALOA,HI,96725,"41,819",B
(30) HUI MAKAAINANA O MAKANA,PO BOX 1225,HANALEI,HI,96714,"50,000",B
(59) KUMANO I KE ALA,PO BOX 181,WAIMEA,HI,96796,"50,000",B
(64) LIVABLE HAWAII KAI HUI,PO BOX 25493,HONOLULU,HI,96825,"50,000",B
(68) MALAMA HULEIA,PO BOX 662092,LIHUE,HI,96766,"50,000",B
(47) KAUAHEA INC,PO BOX 966,WAILUKU,HI,96793,"60,000",B
(8) BASIC IMAGE INC,PO BOX 6988,HILO,HI,96720,"75,000",B
(28) HOOKUAAINA,PO BOX 342146,KAILUA,HI,96734,"75,000",B
(41) KAALA FARM INC,PO BOX 630,WAIANAE,HI,96792,"75,000",B
(63) LHES FOUNDATION,PO BOX 630633,LANAI CITY,HI,96763,"75,000",B
(33) HUI O KUAPA,PO BOX 486,KAUNAKAKAI,HI,96748,"77,500",B
(54) KOHALA INSTITUTE,PO BOX 344,KAPAAU,HI,96755,"100,000",B
(77) NATIVE NATIONS EDUCATION FOUNDATION,PO BOX 4278,HILO,HI,96720,"100,000",B
(84) PROJECT VISION HAWAII,PO BOX 23212,HONOLULU,HI,96823,"100,000",B
(19) FRIENDS OF THE FUTURE,PO BOX 2655,KAMUELA,HI,96743,"125,000",B
(21) HAWAII FARMERS UNION FOUNDATION,PO BOX 443,MAKAWAO,HI,96768,"127,500",B
(4) AKAULA PRIVATE SCHOOL,PO BOX 2098,KAUNAKAKAI,HI,96748,"131,400",B
(94) ULU MAU PUANUI,PO BOX 685,KAMUELA,HI,96743,"133,500",B
(65) MA KA HANA KA IKE,PO BOX 968,HANA,HI,96713,"135,000",B
(49) KE KULA OPIILANI,PO BOX 881176,PUKALANI,HI,96788,"150,000",B
(91) THE KOHALA CENTER,PO BOX 437462,KAMUELA,HI,96743,"150,000",B
(44) KANAKA AUPUNI A NIIHAU ALOHA,PO BOX 74,KEKAHA,HI,96752,"157,500",B
(50) KEAUKAHA COMMUNITY ASSOCIATION INC,PO BOX 5146,HILO,HI,96720,"160,500",B
(31) HUI MALAMA I KE ALA ULILI,PO BOX 6,PAAUILO,HI,96776,"167,959",B
(74) NA KALAI WAA,PO BOX 748,KAMUELA,HI,96743-9705,"200,000",B
(40) KA HULI O HALOA,PO BOX 1159,KANEOHE,HI,96744,"232,500",B
(22) HAWAII FOREST INDUSTRY ASSOCIATION,PO BOX 66,OOKALA,HI,96774,"291,500",B
(92) THREE MOUNTAIN ALLIANCE FOUNDATION,PO BOX 906,VOLCANO,HI,96785,"301,500",B
(69) MALAMA LEARNING CENTER,PO BOX 1662,HONOLULU,HI,96806,"380,000",B
(78) PAEPAE O HEEIA,PO BOX 6355 46-077 IPUKA ST,KANEOHE,HI,96744,"381,500",B
(99) WAIANAE COMMUNITY RE-DEVELOPMENT CORP,PO BOX 441,WAIANAE,HI,96792,"400,000",B
(45) KANU I KA PONO INC,4333 KUKUIHALE ROAD PO BOX 12,ANAHOLA,HI,96703,"437,250",B
(101) WAIPA FOUNDATION,PO BOX 1189,HANALEI,HI,96714,"447,500",B
(46) KANU O KA AINA LEARNING OHANA,PO BOX 6511,KAMUELA,HI,96743,"1,055,825",B
(18) DEPARTMENT OF EDUCATION,PO BOX 2360,HONOLULU,HI,96804,"1,240,800",B
(109) ASIAN & PACIFIC ISLANDER AM HEALTH FORUM,1 KAISER PLAZA STE 850,OAKLAND,CA,94612,"6,000",P
(103) WILCOX MEMORIAL HOSPITAL,3-3420 KUHIO HIGHWAY,LIHUE,HI,96766,"10,000",P
(106) COUNCIL FOR NATIVE HAWAIIAN ADVANCEMENT,2149 LAUWILIWILI ST 200,KAPOLEI,HI,96707,"20,000",P
(76) NATIONAL PACIFIC AMERICAN LEADERSHIP,8701 MADRONA LN,EDMONDS,WA,98026,"25,000",P
(105) HI SHARE,3571 MANOA RD,HONOLULU,HI,96822,"25,000",P
(98) VARIETY SCHOOL OF HAWAII,710 PALEKAUA ST,HONOLULU,HI,96816,"35,000",P
(58) KUALOA HEEIA ECUMENICAL YOUTH KEY PROJECT,47-200 WAIHEE ROAD,KANEOHE,HI,96744,"50,000",P
(83) POLYNESIAN VOYAGING SOCIETY,10 SAND ISLAND PARKWAY,HONOLULU,HI,96819,"50,000",P
(72) MAUI FAMILY SUPPORT SERVICES INC,1844 WILI PA LOOP,WAILUKU,HI,96793,"60,000",P
(75) NALUKAI FOUNDATION,65-1158 MAMALAHOA HWY STE 8A,KAMUELA,HI,96743,"65,000",P
(57) KUAAINA ULU AUAMO,47-200 WAIHEE RD,KANEOHE,HI,96744,"72,250",P
(5) ALAKAINA,1600 KAPIOLANI BLVD NO 530,HONOLULU,HI,96814,"75,000",P
(26) HOAAINA O MAKAHA,84-766 LAHAINA ST,WAIANAE,HI,96792,"75,000",P
(35) HULIAUAPAA,350 AOLOA ST C-107,KAILUA,HI,96734,"76,500",P
(17) COUNCIL FOR NATIVE HAWAIIAN ADVANCEMENT,2149 KAUWILIWILI ST STE 200,KAPOLEI,HI,96707,"90,000",P
(1) AFTER-SCHOOL ALL-STARS HAWAII,4747 KILAUEA AVENUE,HONOLULU,HI,96816,"100,000",P
(10) BISHOP MUSEUM,1525 BERNICE ST,HONOLULU,HI,96817-2704,"100,000",P
(34) HUI O MAULIOLA,3123 HAYDEN ST,HONOLULU,HI,96815,"100,000",P
(36) I NUI KE AHO,67-238 KANALU ST,WAIALUA,HI,96791,"100,000",P
(51) KEAUKAHA ONE YOUTH DEVELOPMENT,67 KEOKEA LOOP,HILO,HI,96720,"100,000",P
(71) MAUI ECONOMIC DEVELOPMENT BOARD,1305 N HOLOPONO ST 1,KIHEI,HI,96753,"100,000",P
(93) ULU AE LEARNING CENTER,1120 KAKALA ST 503,KAPOLEI,HI,96707,"100,000",P
(43) KAKOO OIWI,46-005 KAWA ST STE 104,KANEOHE,HI,96744,"113,170",P
(85) PURPLE MAIA FOUNDATION,98-1277 KAAHUMANU ST,AIEA,HI,96701,"120,000",P
(32) HUI MALAMA O KE KAI FOUNDATION,41-477 HIHIMANU STREET,WAIMANALO,HI,96795,"125,000",P
(56) KOKUA KALIHI VALLEY COMPREHENSIVE FAM SVCS,2239 NORTH SCHOOL ST,HONOLULU,HI,96819,"125,000",P
(48) KAUAI PLANNING & ACTION ALLIANCE,2959 UMI ST STE 201,LIHUE,HI,96766,"140,000",P
(24) HAWAII PUBLIC TELEVISION FOUNDATION,315 SAND ISLAND ACCESS ROAD,HONOLULU,HI,96819,"150,000",P
(66) MAILIKUKAHI AINA MOMONA ACADEMY,45-081 WAIKALUA RD,KANEOHE,HI,96744,"150,000",P
(100) WAIKIKI HEALTH,277 OHUA AVE,HONOLULU,HI,96815,"150,000",P
(88) ST MARK LUTHERAN CHURCH & SCHOOL,45-725 KAMEHAMEHA HWY,KANEOHE,HI,96744,"160,000",P
(81) PAPAKOLEA COMMUNITY DEVELOPMENT CORPORATION,2150 TANTALUS DR,HONOLULU,HI,96813,"169,844",P
(13) BOYS & GIRLS CLUBS OF MAUI INC,100 KANALOA AVENUE,KAHULUI,HI,96732,"187,497",P
(9) BIG ISLAND SUBSTANCE ABUSE COUNCIL,16-179 MELEKAHIWA ST,KEAAU,HI,96749,"200,000",P
(11) BOYS & GIRLS CLUB OF THE BIG ISLAND,100 KAMAKAHONU STREET,HILO,HI,96720,"225,000",P
(79) PAPA KU MANA,2101 MAKIKI HEIGHTS DR,HONOLULU,HI,96822,"233,600",P
(7) ASSETS SCHOOL,ONE OHANA NUI WAY,HONOLULU,HI,96818,"247,841",P
(42) KAI LOA INC,46-500 KUNEKI STREET,KANEOHE,HI,96744,"249,350",P
(12) BOYS & GIRLS CLUB OF HAWAII,345 QUEEN STREET,HONOLULU,HI,96813,"260,000",P
(53) KINAI EHA,46-167 MALINA PL STE 1,KANEOHE,HI,96744,"289,000",P
(16) CONSORTIUM FOR HAWAII ECO ENGINEERING EDU,2040 BACHELOT ST,HONOLULU,HI,96817,"300,000",P
(38) ISLAND PACIFIC ACADEMY INC,909 HAUMEA ST,KAPOLEI,HI,96707,"300,000",P
(62) LEADERSHIP IN DISABILITIES & ACHV IN HI,245 N KUKUI ST 205,HONOLULU,HI,96817,"300,000",P
(70) MALAMA LOKO EA FOUNDATION,62-540B KAMEHAMEHA HWY,HALEIWA,HI,96712,"301,500",P
(89) SUPPORTING THE LANGUAGE OF KAUAI,3-1821J KAUMUALII HWY,LIHUE,HI,96766,"338,025",P
(67) MALAMA HONUA PUBLIC CHARTER SCHOOL FDN,41-054 EHUKAI STREET,WAIMANALO,HI,96795,"340,675",P
(29) HOOULU LAHUI,14-5322 KAIMU KAPOHO RD,PAHOA,HI,96778,"446,700",P
(25) HAWAII RISE FOUNDATION,11 SILVA STREET,HILO,HI,96720,"486,141",P
(52) KEIKI O KA AINA PRESCHOOL INC,3097 KALIHI ST,HONOLULU,HI,96819,"500,970",P
(80) PAPAHANA KUAOLA,46-403 HAIKU ROAD,KANEOHE,HI,96744,"503,500",P
(39) ISLAND SCHOOL,3-1875 KAUMUALII HWY,LIHUE,HI,96766,"542,500",P
(102) WHITWORTH UNIVERSITY,300 W HAWTHORNE RD,SPOKANE,WA,99251,"564,300",P
(86) ST ANDREWS SCHOOL,224 QUEEN EMMA SQUARE,HONOLULU,HI,96813,"761,000",P
(37) INST FOR NATIVE PACIFIC EDU AND CULTURE,1001 KAMOKILA BLVD,KAPOLEI,HI,96707,"927,101",P
(104) KE ALII PAUAHI FOUNDATION,567 SOUTH KING STREET SUITE 1,HONOLULU,HI,96813,"1,020,000",P
(20) FRIENDS OF THE LEEWARD COAST PCS,92-1480 ALIINUI DRIVE,KAPOLEI,HI,96707,"1,072,500",P
(6) ALU LIKE INC,2969 MAPUNAPUNA PLACE,HONOLULU,HI,96819,"1,194,263",P
(97) UNIVERSITY OF HAWAII FOUNDATION,2444 DOLE STREET 105,HONOLULU,HI,96822,"1,358,920",P
(60) KUPU,677 ALA MOANA BLVD,HONOLULU,HI,96813,"1,380,250",P
(27) HOOKAKOO CORPORATION,1360 S BERETANIA ST SUITE 202,HONOLULU,HI,96814,"1,730,400",P
(87) SAINT LOUIS SCHOOL,3142 WAIALAE AVE,HONOLULU,HI,96816,"1,880,000",P
(82) PARTNERS IN DEVELOPMENT FOUNDATION,2040 BACHELOT STREET,HONOLULU,HI,96817,"2,236,178",P
(2) AHA PUNANA LEO INC,96 PUUHONU PLACE,HILO,HI,96720,"2,304,290",P
(15) CHAMINADE UNIVERSITY OF HONOLULU,3140 WAIALAE AVENUE,HONOLULU,HI,96816,"2,456,947",P
(96) UNIVERSITY OF HAWAII,2440 CAMPUS ROAD,HONOLULU,HI,96822,"2,525,568",P